Modelo,Accuracy,Precision,Recall,F1-score,ROC-AUC
Regresión Logística,0.844472316789106,0.8577817531305904,0.8803549571603427,0.86892177589852,0.9188410617228682
KNN,0.8267335602938541,0.830318690783807,0.8849449204406364,0.8567619611909347,0.8888038234215526
Random Forest,0.8236875111987099,0.8211473565804275,0.8935128518971848,0.8558030480656507,0.9075612220004963
Árbol de Decisión,0.8206414621035657,0.8356529464021321,0.8635250917992656,0.8493604213694507,0.8908435425123604
